{"cameraMode":{"drawMode":0,"name":"Shaded","section":"Shading Mode"},"sceneLighting":false,"audioPlay":false,"sceneViewState":{"showFog":true,"showMaterialUpdate":false,"showSkybox":false,"showFlares":true,"showImageEffects":true,"showParticleSystems":true},"in2DMode":false,"pivot":{"x":5.960464477539063e-8,"y":1.834841251373291,"z":0.4083225727081299},"rotation":{"x":0.6899289488792419,"y":-0.0032575316727161409,"z":0.003104819217696786,"w":0.7238654494285584},"size":2.7649996280670168,"orthographic":false}