{"cameraMode":{"drawMode":0,"name":"Shaded","section":"Shading Mode"},"sceneLighting":true,"audioPlay":false,"sceneViewState":{"showFog":true,"showMaterialUpdate":false,"showSkybox":true,"showFlares":true,"showImageEffects":true,"showParticleSystems":true},"in2DMode":false,"pivot":{"x":-2.154430389404297,"y":16.68305206298828,"z":6.9408721923828129},"rotation":{"x":-0.25165972113609316,"y":0.006381708662956953,"z":-0.0016552279703319073,"w":-0.9678010940551758},"size":13.511375427246094,"orthographic":false}