{"cameraMode":{"drawMode":0,"name":"Shaded","section":"Shading Mode"},"sceneLighting":true,"audioPlay":false,"sceneViewState":{"showFog":true,"showMaterialUpdate":false,"showSkybox":true,"showFlares":true,"showImageEffects":true,"showParticleSystems":true},"in2DMode":false,"pivot":{"x":1.9049797058105469,"y":-0.00003212342198821716,"z":8.581347465515137},"rotation":{"x":-0.002117769094184041,"y":-0.9516069889068604,"z":0.30725157260894778,"w":-0.006559289526194334},"size":6.615164756774902,"orthographic":false}