{"cameraMode":{"drawMode":0,"name":"Shaded","section":"Shading Mode"},"sceneLighting":true,"audioPlay":false,"sceneViewState":{"showFog":true,"showMaterialUpdate":false,"showSkybox":true,"showFlares":true,"showImageEffects":true,"showParticleSystems":true},"in2DMode":false,"pivot":{"x":-0.15000000596046449,"y":0.26899999380111697,"z":2.0799994468688967},"rotation":{"x":-0.2270088791847229,"y":-0.46965378522872927,"z":0.12633872032165528,"w":-0.8437712788581848},"size":11.425054550170899,"orthographic":false}