{"cameraMode":{"drawMode":0,"name":"Shaded","section":"Shading Mode"},"sceneLighting":false,"audioPlay":false,"sceneViewState":{"showFog":true,"showMaterialUpdate":false,"showSkybox":false,"showFlares":true,"showImageEffects":true,"showParticleSystems":true},"in2DMode":false,"pivot":{"x":-0.15000000596046449,"y":0.26899999380111697,"z":2.0799994468688967},"rotation":{"x":-0.008337564766407013,"y":-0.9624246954917908,"z":0.2697913646697998,"w":-0.029741810634732248},"size":0.7316755652427673,"orthographic":false}